old,new
1250515,PNG2
1250516,PNG3
1250517,PNG4
1250518,PNG5
1250523,PNG6
1250524,PNG7
1250525,PNG8
1250526,PNG9
1250527,PNG11
1250528,PNG12
1250529,PNG13
1250530,PNG14
1250531,PNG19
1250532,PNG20
1250533,PNG21
1250534,PNG22
1250535,PNG23
1250537,PNG25
1250538,PNG27
1250539,PNG29
1250540,PNG31
1250541,PNG33
1250542,PNG34
1250543,PNG36
1250544,PNG38
1250545,PNG39
1250546,PNG41
1250547,PNG42
1250548,PNG44
1250549,PNG45
1250550,PNG46
1250551,PNG48
1250552,PNG49
1250553,PNG51
1250554,PNG52
1250555,PNG55
1250556,PNG57
1250557,PNG58
1250558,PNG59
1250559,PNG66
1250560,PNG67
1250561,PNG68
1250562,PNG71
1250563,PNG72
1250564,PNG73
1250565,PNG74
1250566,PNG75
1250567,PNG76
1250568,PNG77
1250569,PNG78
1250570,PNG79
1250571,PNG82
1250572,PNG84
1250573,PNG85
1250574,PNG86
1250575,PNG87
1250576,PNG88
1250577,PNG89
1250578,PNG91
1250579,PNG93
1250580,PNG94
1250581,PNG95
1250582,PNG96
1250583,PNG97
1250584,PNG105