old,new,location,comments
P1250363,PNG02_1,20200805_Dump,
P1250648,PNG02_2,20200821_Dump,
P1250649,PNG02_3,20200821_Dump,
P1250650,PNG02_4,20200821_Dump,
P1250651,PNG02_5,20200821_Dump,
P1250652,PNG03_1,20200821_Dump,
P1250653,PNG03_2,20200821_Dump,
P1250654,PNG03_3,20200821_Dump,
P1250655,PNG03_4,20200821_Dump,
P1250656,PNG03_5,20200821_Dump,
P1250657,PNG96_1,20200821_Dump,
P1250658,PNG96_2,20200821_Dump,
P1250659,PNG96_3,20200821_Dump,
P1250660,PNG96_4,20200821_Dump,
P1250661,PNG96_5,20200821_Dump,
P1250662,PNG82_1,20200821_Dump,
P1250663,PNG82_2,20200821_Dump,
P1250664,PNG82_3,20200821_Dump,
P1250665,PNG82_4,20200821_Dump,
P1250666,PNG82_5,20200821_Dump,
P1250667,PNG94_1,20200821_Dump,
P1250668,PNG94_2,20200821_Dump,
P1250669,PNG94_3,20200821_Dump,
P1250670,PNG94_4,20200821_Dump,
P1250671,PNG94_5,20200821_Dump,
P1250672,PNG78_1,20200821_Dump,
P1250673,PNG78_2,20200821_Dump,
P1250674,PNG78_3,20200821_Dump,
P1250675,PNG78_4,20200821_Dump,
P1250676,PNG78_5,20200821_Dump,
P1250677,PNG14_1,20200821_Dump,
P1250678,PNG14_2,20200821_Dump,
P1250679,PNG14_3,20200821_Dump,
P1250680,PNG14_4,20200821_Dump,
P1250681,PNG14_5,20200821_Dump,
P1250682,PNG04_1,20200821_Dump,
P1250683,PNG04_2,20200821_Dump,
P1250684,PNG04_3,20200821_Dump,
P1250685,PNG04_4,20200821_Dump,
P1250686,PNG04_5,20200821_Dump,
P1250687,PNG67_1,20200821_Dump,
P1250688,PNG67_2,20200821_Dump,
P1250689,PNG67_3,20200821_Dump,
P1250690,PNG67_4,20200821_Dump,
P1250691,PNG67_5,20200821_Dump,
P1250692,PNG48_1,20200821_Dump,
P1250693,PNG48_2,20200821_Dump,
P1250694,PNG48_3,20200821_Dump,
P1250695,PNG48_4,20200821_Dump,
P1250696,PNG48_5,20200821_Dump,
P1250697,PNG93_1,20200821_Dump,
P1250698,PNG93_2,20200821_Dump,
P1250699,PNG93_3,20200821_Dump,
P1250700,PNG93_4,20200821_Dump,
P1250701,PNG93_5,20200821_Dump,
P1250702,PNG44_1,20200821_Dump,
P1250703,PNG44_2,20200821_Dump,
P1250704,PNG44_3,20200821_Dump,
P1250705,PNG44_4,20200821_Dump,
P1250706,PNG44_5,20200821_Dump,
P1250707,PNG31_1,20200821_Dump,
P1250708,PNG31_2,20200821_Dump,
P1250709,PNG31_3,20200821_Dump,
P1250710,PNG31_4,20200821_Dump,
P1250711,PNG31_5,20200821_Dump,
P1250712,PNG73_1,20200821_Dump,
P1250713,PNG73_2,20200821_Dump,
P1250714,PNG73_3,20200821_Dump,
P1250715,PNG73_4,20200821_Dump,
P1250716,PNG73_5,20200821_Dump,
P1250717,PNG58_1,20200821_Dump,
P1250718,PNG58_2,20200821_Dump,
P1250719,PNG58_3,20200821_Dump,
P1250720,PNG58_4,20200821_Dump,
P1250721,PNG58_5,20200821_Dump,
P1250722,PNG23_1,20200821_Dump,
P1250723,PNG23_2,20200821_Dump,
P1250724,PNG23_3,20200821_Dump,
P1250725,PNG23_4,20200821_Dump,
P1250726,PNG23_5,20200821_Dump,
P1250727,PNG41_1,20200821_Dump,
P1250728,PNG41_2,20200821_Dump,
P1250729,PNG41_3,20200821_Dump,
P1250730,PNG41_4,20200821_Dump,
P1250731,PNG41_5,20200821_Dump,
P1250732,PNG09_1,20200821_Dump,
P1250733,PNG09_2,20200821_Dump,
P1250734,PNG09_3,20200821_Dump,
P1250735,PNG09_4,20200821_Dump,
P1250736,PNG09_5,20200821_Dump,
P1250737,PNG88_1,20200821_Dump,
P1250738,PNG88_2,20200821_Dump,
P1250739,PNG88_3,20200821_Dump,
P1250740,PNG88_4,20200821_Dump,
P1250741,PNG88_5,20200821_Dump,
P1250742,PNG39_1,20200821_Dump,
P1250743,PNG39_2,20200821_Dump,
P1250744,PNG39_3,20200821_Dump,
P1250745,PNG39_4,20200821_Dump,
P1250746,PNG39_5,20200821_Dump,
P1250747,PNG77_1,20200821_Dump,
P1250748,PNG77_2,20200821_Dump,
P1250749,PNG77_3,20200821_Dump,
P1250750,PNG77_4,20200821_Dump,
P1250751,PNG77_5,20200821_Dump,
P1250752,PNG87_1,20200821_Dump,
P1250753,PNG87_2,20200821_Dump,
P1250754,PNG87_3,20200821_Dump,
P1250755,PNG87_4,20200821_Dump,
P1250756,PNG87_5,20200821_Dump,
P1250757,PNG85_1,20200821_Dump,
P1250758,PNG85_2,20200821_Dump,
P1250759,PNG85_3,20200821_Dump,
P1250760,PNG85_4,20200821_Dump,
P1250761,PNG85_5,20200821_Dump,
P1250762,PNG79_1,20200821_Dump,
P1250763,PNG79_2,20200821_Dump,
P1250764,PNG79_3,20200821_Dump,
P1250765,PNG79_4,20200821_Dump,
P1250766,PNG79_5,20200821_Dump,
P1250767,PNG11_1,20200821_Dump,
P1250768,PNG11_2,20200821_Dump,
P1250769,PNG11_3,20200821_Dump,
P1250770,PNG11_4,20200821_Dump,
P1250771,PNG11_5,20200821_Dump,
P1250772,PNG13_1,20200821_Dump,
P1250773,PNG13_2,20200821_Dump,
P1250774,PNG13_3,20200821_Dump,
P1250775,PNG13_4,20200821_Dump,
P1250776,PNG13_5,20200821_Dump,
P1250777,PNG46_1,20200821_Dump,
P1250778,PNG46_2,20200821_Dump,
P1250779,PNG46_3,20200821_Dump,
P1250780,PNG46_4,20200821_Dump,
P1250781,PNG46_5,20200821_Dump,
P1250782,PNG86_1,20200821_Dump,
P1250783,PNG86_2,20200821_Dump,
P1250784,PNG86_3,20200821_Dump,
P1250785,PNG86_4,20200821_Dump,
P1250786,PNG86_5,20200821_Dump,
P1250787,PNG45_1,20200827_Dump,
P1250788,PNG45_2,20200827_Dump,
P1250789,PNG45_3,20200827_Dump,
P1250790,PNG45_4,20200827_Dump,
P1250791,PNG45_5,20200827_Dump,
P1250792,PNG8_1,20200827_Dump,
P1250793,PNG8_2,20200827_Dump,
P1250794,PNG8_3,20200827_Dump,
P1250795,PNG8_4,20200827_Dump,
P1250796,PNG8_5,20200827_Dump,
P1250797,PNG27_1,20200827_Dump,
P1250798,PNG27_2,20200827_Dump,
P1250799,PNG27_3,20200827_Dump,
P1250800,PNG27_4,20200827_Dump,
P1250801,PNG27_5,20200827_Dump,
P1250802,PNG22_1,20200827_Dump,
P1250803,PNG22_2,20200827_Dump,
P1250804,PNG22_3,20200827_Dump,
P1250805,PNG22_4,20200827_Dump,
P1250806,PNG22_5,20200827_Dump,
P1250807,PNG89_1,20200827_Dump,
P1250809,PNG89_2,20200827_Dump,
P1250810,PNG89_3,20200827_Dump,
P1250811,PNG89_4,20200827_Dump,
P1250812,PNG89_5,20200827_Dump,
P1250813,PNG95_1,20200827_Dump,
P1250815,PNG95_2,20200827_Dump,
P1250816,PNG95_3,20200827_Dump,
P1250817,PNG95_4,20200827_Dump,
P1250818,PNG95_5,20200827_Dump,
P1250819,PNG91_1,20200827_Dump,
P1250820,PNG91_2,20200827_Dump,
P1250821,PNG91_3,20200827_Dump,
P1250822,PNG91_4,20200827_Dump,
P1250824,PNG91_5,20200827_Dump,
P1250825,PNG74_1,20200827_Dump,
P1250826,PNG74_2,20200827_Dump,
P1250827,PNG74_3,20200827_Dump,
P1250828,PNG74_4,20200827_Dump,
P1250829,PNG74_5,20200827_Dump,
P1250830,PNG19_1,20200828_Dump,
P1250831,PNG19_2,20200828_Dump,
P1250832,PNG19_3,20200828_Dump,
P1250833,PNG19_4,20200828_Dump,
P1250834,PNG19_5,20200828_Dump,
P1250835,PNG7_1,20200828_Dump,
P1250836,PNG7_2,20200828_Dump,
P1250837,PNG7_3,20200828_Dump,
P1250838,PNG7_4,20200828_Dump,
P1250840,PNG7_5,20200828_Dump,
P1250841,PNG97_1,20200828_Dump,
P1250842,PNG97_2,20200828_Dump,
P1250843,PNG97_3,20200828_Dump,
P1250844,PNG97_4,20200828_Dump,
P1250845,PNG97_5,20200828_Dump,
P1250846,PNG20_1,20200828_Dump,
P1250847,PNG20_2,20200828_Dump,
P1250848,PNG20_3,20200828_Dump,
P1250849,PNG20_4,20200828_Dump,
P1250850,PNG20_5,20200828_Dump,
P1250851,PNG34_1,20200828_Dump,
P1250852,PNG34_2,20200828_Dump,
P1250853,PNG34_3,20200828_Dump,
P1250854,PNG34_4,20200828_Dump,
P1250855,PNG34_5,20200828_Dump,
P1250856,PNG21_1,20200828_Dump,
P1250857,PNG21_2,20200828_Dump,
P1250858,PNG21_3,20200828_Dump,
P1250859,PNG21_4,20200828_Dump,
P1250860,PNG21_5,20200828_Dump,
P1250861,PNG49_1,20200828_Dump,
P1250862,PNG49_2,20200828_Dump,
P1250863,PNG49_3,20200828_Dump,
P1250864,PNG49_4,20200828_Dump,
P1250865,PNG49_5,20200828_Dump,
P1250866,PNG84_1,20200828_Dump,
P1250867,PNG84_2,20200828_Dump,
P1250868,PNG84_3,20200828_Dump,
P1250869,PNG84_4,20200828_Dump,
P1250870,PNG84_5,20200828_Dump,
P1250872,PNG5_1,20200828_Dump,
P1250873,PNG5_2,20200828_Dump,
P1250874,PNG5_3,20200828_Dump,
P1250875,PNG5_4,20200828_Dump,
P1250876,PNG5_5,20200828_Dump,
P1250877,PNG72_1,20200828_Dump,
P1250878,PNG72_2,20200828_Dump,
P1250879,PNG72_3,20200828_Dump,
P1250880,PNG72_4,20200828_Dump,
P1250881,PNG72_5,20200828_Dump,
P1250882,PNG51_1,20200828_Dump,
P1250883,PNG51_2,20200828_Dump,
P1250884,PNG51_3,20200828_Dump,
P1250885,PNG51_4,20200828_Dump,
P1250886,PNG51_5,20200828_Dump,
P1250887,PNG57_1,20200828_Dump,
P1250888,PNG57_2,20200828_Dump,
P1250889,PNG57_3,20200828_Dump,
P1250890,PNG57_4,20200828_Dump,
P1250891,PNG57_5,20200828_Dump,
P1250892,PNG59_1,20200828_Dump,
P1250893,PNG59_2,20200828_Dump,
P1250894,PNG59_3,20200828_Dump,
P1250895,PNG59_4,20200828_Dump,
P1250896,PNG59_5,20200828_Dump,
P1250897,PNG55_1,20200828_Dump,
P1250898,PNG55_2,20200828_Dump,
P1250899,PNG55_3,20200828_Dump,
P1250900,PNG55_4,20200828_Dump,
P1250901,PNG55_5,20200828_Dump,
P1250902,PNG4_1,20200828_Dump,re-embedded hair
P1250903,PNG4_2,20200828_Dump,re-embedded hair
P1250904,PNG4_3,20200828_Dump,re-embedded hair
P1250905,PNG4_4,20200828_Dump,re-embedded hair
P1250906,PNG4_5,20200828_Dump,re-embedded hair
P1250907,PNG9_1,20200828_Dump,re-embedded hair
P1250908,PNG9_2,20200828_Dump,re-embedded hair
P1250909,PNG9_3,20200828_Dump,re-embedded hair
P1250910,PNG9_4,20200828_Dump,re-embedded hair
P1250911,PNG9_5,20200828_Dump,re-embedded hair
P1250913,PNG12_1,20200828_Dump,re-embedded hair
P1250914,PNG12_2,20200828_Dump,re-embedded hair
P1250915,PNG12_3,20200828_Dump,re-embedded hair
P1250916,PNG12_4,20200828_Dump,re-embedded hair
P1250917,PNG12_5,20200828_Dump,re-embedded hair
P1250918,PNG14_1,20200828_Dump,re-embedded hair
P1250919,PNG14_2,20200828_Dump,re-embedded hair
P1250920,PNG14_3,20200828_Dump,re-embedded hair
P1250921,PNG14_4,20200828_Dump,re-embedded hair
P1250922,PNG14_5,20200828_Dump,re-embedded hair
P1250923,PNG19_1,20200828_Dump,re-embedded hair
P1250924,PNG19_2,20200828_Dump,re-embedded hair
P1250925,PNG19_3,20200828_Dump,re-embedded hair
P1250926,PNG19_4,20200828_Dump,re-embedded hair
P1250927,PNG19_5,20200828_Dump,re-embedded hair
P1250928,PNG25_1,20200828_Dump,re-embedded hair
P1250929,PNG25_2,20200828_Dump,re-embedded hair
P1250930,PNG25_3,20200828_Dump,re-embedded hair
P1250931,PNG25_4,20200828_Dump,re-embedded hair
P1250932,PNG25_5,20200828_Dump,re-embedded hair
P1250933,PNG57_1,20200828_Dump,re-embedded hair
P1250934,PNG57_2,20200828_Dump,re-embedded hair
P1250935,PNG57_3,20200828_Dump,re-embedded hair
P1250936,PNG57_4,20200828_Dump,re-embedded hair
P1250937,PNG57_5,20200828_Dump,re-embedded hair
P1250938,PNG73_1,20200828_Dump,re-embedded hair
P1250939,PNG73_2,20200828_Dump,re-embedded hair
P1250940,PNG73_3,20200828_Dump,re-embedded hair
P1250941,PNG73_4,20200828_Dump,re-embedded hair
P1250942,PNG73_5,20200828_Dump,re-embedded hair
P1250943,PNG96_1,20200828_Dump,re-embedded hair
P1250944,PNG96_2,20200828_Dump,re-embedded hair
P1250945,PNG96_3,20200828_Dump,re-embedded hair
P1250946,PNG96_4,20200828_Dump,re-embedded hair
P1250947,PNG96_5,20200828_Dump,re-embedded hair
P1250955,PNG76_1,20200903_Dump,
P1250956,PNG76_2,20200903_Dump,
P1250957,PNG76_3,20200903_Dump,
P1250958,PNG76_4,20200903_Dump,
P1250959,PNG76_5,20200903_Dump,
P1250960,PNG33_1,20200903_Dump,
P1250961,PNG33_2,20200903_Dump,
P1250962,PNG33_3,20200903_Dump,
P1250965,PNG33_4,20200903_Dump,
P1250966,PNG33_5,20200903_Dump,
P1250967,PNG6_1,20200903_Dump,
P1250968,PNG6_2,20200903_Dump,
P1250969,PNG6_3,20200903_Dump,
P1250970,PNG6_4,20200903_Dump,
P1250971,PNG6_5,20200903_Dump,
P1250972,PNG75_1,20200903_Dump,
P1250973,PNG75_2,20200903_Dump,
P1250974,PNG75_3,20200903_Dump,
P1250975,PNG75_4,20200903_Dump,
P1250976,PNG75_5,20200903_Dump,
P1250977,PNG25_1,20200903_Dump,
P1250978,PNG25_2,20200903_Dump,
P1250979,PNG25_3,20200903_Dump,
P1250980,PNG25_4,20200903_Dump,
P1250981,PNG25_5,20200903_Dump,
P1250982,PNG36_1,20200903_Dump,
P1250983,PNG36_2,20200903_Dump,
P1250984,PNG36_3,20200903_Dump,
P1250985,PNG36_4,20200903_Dump,
P1250986,PNG36_5,20200903_Dump,
P1250987,PNG42_1,20200903_Dump,
P1250988,PNG42_2,20200903_Dump,
P1250989,PNG42_3,20200903_Dump,
P1250990,PNG42_4,20200903_Dump,
P1250991,PNG42_5,20200903_Dump,
P1250992,PNG68_1,20200903_Dump,
P1250993,PNG68_2,20200903_Dump,
P1250994,PNG68_3,20200903_Dump,
P1250995,PNG68_4,20200903_Dump,
P1250996,PNG68_5,20200903_Dump,
P1250997,PNG71_1,20200903_Dump,
P1250998,PNG71_2,20200903_Dump,
P1250999,PNG71_3,20200903_Dump,
P1260001,PNG71_4,20200903_Dump,
P1260002,PNG71_5,20200903_Dump,
P1260003,PNG52_1,20200903_Dump,
P1260004,PNG52_2,20200903_Dump,
P1260005,PNG52_3,20200903_Dump,
P1260006,PNG52_4,20200903_Dump,
P1260007,PNG52_5,20200903_Dump,
P1260008,PNG66_1,20200903_Dump,
P1260009,PNG66_2,20200903_Dump,
P1260010,PNG66_3,20200903_Dump,
P1260011,PNG66_4,20200903_Dump,
P1260012,PNG66_5,20200903_Dump,
P1260013,PNG12_1,20200903_Dump,
P1260014,PNG12_2,20200903_Dump,
P1260015,PNG12_3,20200903_Dump,
P1260016,PNG12_4,20200903_Dump,
P1260017,PNG12_5,20200903_Dump,
P1260020,PNG105_1,20200903_Dump,
P1260021,PNG105_2,20200903_Dump,
P1260022,PNG105_3,20200903_Dump,
P1260023,PNG105_4,20200903_Dump,
P1260024,PNG105_5,20200903_Dump,
P1260025,PNG38_1,20200903_Dump,
P1260026,PNG38_2,20200903_Dump,
P1260027,PNG38_3,20200903_Dump,
P1260028,PNG38_4,20200903_Dump,
P1260030,PNG38_5,20200903_Dump,
P1260031,PNG29_1,20200903_Dump,
P1260032,PNG29_2,20200903_Dump,
P1260033,PNG29_3,20200903_Dump,
P1260034,PNG29_4,20200903_Dump,
P1260035,PNG29_5,20200903_Dump,